{
  "rigid": {
    "scale_ratio": 0.316359,
    "axis_dot_product": 0.606744,
    "bbox_overlap_x": 0.265622,
    "bbox_overlap_y": 0.254926,
    "bbox_overlap_z": 0.688912,
    "cloud_z_range": [0.782000, 0.997000],
    "mesh_z_range": [0.812114, 0.960230],
    "num_scan_points": 56336,
    "num_mesh_vertices": 58203,
    "nn_rmse_m": 0.165227
  }
}
